Procedure,Statement,producer statement,consumer statement,cost,result size,Fragment,consist,benefit
3,15,{},{EB-16-17},0.337858,41307296,"{24 ,30 ,125 ,128 ,140 ,142 ,143 ,144 ,146 ,161}",,
3,18,{},{EB-19-20},0.240052,1682352,"{1 ,3 ,4 ,24 ,30 ,52 ,57 ,64 ,74 ,87 ,91}",,
3,21,"{EB-16-17 ,EB-19-20}",{},0.300235,25762000,{},,
3,EB-16-17,{15},{21},0.25849,24733920,{},"{16 ,17}",0
3,EB-19-20,{18},{21},0.33536999999999995,656,{},"{19 ,20}",0
