Procedure,Statement,producer statement,consumer statement,cost,result size,Fragment,consist,benefit
2,11,{},{EB-10-12-13-14-8-9},0.240052,1682352,"{1 ,3 ,4 ,24 ,30 ,52 ,57 ,64 ,74 ,87 ,91}",,
2,EB-10-12-13-14-8-9,{11},{},1.0099129999999998,23645284,"{24 ,30 ,186 ,189 ,190 ,203 ,204 ,205 ,207 ,222 ,233}","{10 ,12 ,13 ,14 ,8 ,9}",0
