Procedure,Statement,producer statement,consumer statement,cost,result size,Fragment,consist,benefit
6,37,{},{EB-39-40},0.123028,1616256,"{1 ,7 ,16 ,24 ,30 ,34 ,74 ,81}",,
6,38,{},{EB-39-40},0.098022,1072720,"{24 ,30 ,34 ,74 ,81 ,186 ,193 ,209}",,
6,41,{EB-39-40},{45},0.44023,66,{},,
6,42,{},{EB-43-44},0.240052,1682352,"{1 ,3 ,4 ,24 ,30 ,52 ,57 ,64 ,74 ,87 ,91}",,
6,45,"{41 ,EB-43-44}",{},0.300235,4,{},,
6,EB-39-40,"{38 ,37}",{41},0.342801,0,{},"{39 ,40}",3366
6,EB-43-44,{42},{45},0.33536999999999995,656,{},"{43 ,44}",0
