Procedure,Statement,producer statement,consumer statement,cost,result size,Fragment,consist,benefit
4,EB-22-23-24-28,{EB-25-26-27},{},1.253147,242743152,"{2 ,3 ,4 ,10 ,11 ,12 ,14 ,30 ,107 ,114}","{22 ,23 ,24 ,28}",125353376
4,EB-25-26-27,{},{EB-22-23-24-28},0.575422,656,"{1 ,3 ,4 ,24 ,30 ,52 ,57 ,64 ,74 ,87 ,91}","{25 ,26 ,27}",1682352
