Procedure,Statement,producer statement,consumer statement,cost,result size,Fragment,consist,benefit
10,77,{},"{EB-78-81-83 ,EB-80-82-84}",0.061239,99090,"{87 ,95 ,96 ,88}",,
10,79,{},"{EB-78-81-83 ,EB-80-82-84}",0.045698,73049,"{24 ,30}",,
10,85,"{EB-78-81-83 ,EB-80-82-84}",{86},0.516122,97975,{},,
10,86,{85},{},1.634438,1,{},,
10,EB-78-81-83,"{77 ,79}",{85},0.732882,2800751,"{21 ,1 ,4}","{78 ,81 ,83}",5605786
10,EB-80-82-84,"{77 ,79}",{85},0.672982,735400,"{215 ,190 ,186}","{80 ,82 ,84}",1432178
