Procedure,Statement,producer statement,consumer statement,cost,result size,Fragment,consist,benefit
5,29,{},{EB-30-31},0.201885,39685626,"{4 ,15 ,18 ,24 ,30 ,87 ,88 ,95 ,96 ,97 ,101 ,102 ,103}",,
5,32,{EB-30-31},{36},0.64681,6440,{},,
5,33,{},{EB-34-35},0.240052,1682352,"{1 ,3 ,4 ,24 ,30 ,52 ,57 ,64 ,74 ,87 ,91}",,
5,36,"{32 ,EB-34-35}",{},0.300235,13248,{},,
5,EB-30-31,{29},{32},0.47838,0,{},"{30 ,31}",6440
5,EB-34-35,{33},{36},0.33536999999999995,656,{},"{34 ,35}",0
