Procedure,Statement,producer statement,consumer statement,cost,result size,Fragment,consist,benefit
7,48,{},{EB-45-51-55-56-58-59},1.850266,18000,"{56 ,52}",,
7,49,{},{EB-45-51-55-56-58-59},0.06373,719384,"{125 ,143 ,145 ,140 ,128}",,
7,50,{},{EB-45-51-55-56-58-59},0.21029,2475827,"{190 ,204 ,206 ,186 ,189}",,
7,EB-45-51-55-56-58-59,"{49 ,50 ,48 ,EB-46-47-52-53-54-57}","{EB-46-47-52-53-54-57 ,EB-60-61}",0.987093,235041,"{1 ,3 ,11 ,14 ,4}","{45 ,51 ,55 ,56 ,58 ,59}",3685584
7,EB-46-47-52-53-54-57,{EB-45-51-55-56-58-59},{EB-45-51-55-56-58-59},0.7735540000000001,63069,"{30 ,26 ,24 ,32 ,87}","{46 ,47 ,52 ,53 ,54 ,57}",73049
7,EB-60-61,{EB-45-51-55-56-58-59},{},0.32437000000000005,58745,{},"{60 ,61}",3654
