Procedure,Statement,producer statement,consumer statement,cost,result size,Fragment,consist,benefit
2,8,{},{EB-10-9},0.170942,18128012,"{24 ,30 ,186 ,189 ,190 ,203 ,204 ,205 ,207 ,222 ,233}",,
2,11,{},"{12 ,13}",0.240052,1682352,"{1 ,3 ,4 ,24 ,30 ,52 ,57 ,64 ,74 ,87 ,91}",,
2,12,{11},{13},0.08012,0,{},,
2,13,"{11 ,12}",{14},0.25525,656,{},,
2,14,"{13 ,EB-10-9}",{},0.300235,12851396,{},,
2,EB-10-9,{8},{14},0.203366,10793888,{},"{10 ,9}",0
