Procedure,Statement,producer statement,consumer statement,cost,result size,Fragment,consist,benefit
5,34,{EB-25-26-27-29-33},{35},1.182939,555294969,{}
5,35,{34},{},0.407706,1,{}
5,EB-28-30,{EB-25-26-27-29-33},{EB-25-26-27-29-33},0.23311700000000002,135789,"{150 ,149 ,147 ,148 ,125 ,128}","{28 ,30}",1441548
5,EB-31-32,{EB-25-26-27-29-33},{EB-25-26-27-29-33},0.235688,56139,"{186 ,211 ,210 ,208 ,209 ,190}","{31 ,32}",719384
5,EB-25-26-27-29-33,"{EB-28-30 ,EB-31-32}","{EB-28-30 ,EB-31-32 ,EB-28-30 ,EB-31-32 ,34}",0.580807,569596,"{18 ,17 ,15 ,16 ,1 ,4 ,30 ,24 ,88 ,95 ,96 ,97 ,101 ,102 ,103 ,87}","{25 ,26 ,27 ,29 ,33}",2880404
