Procedure,Statement,producer statement,consumer statement,cost,result size,Fragment,consist,benefit
4,16,{},{EB-19-20-21},0.32846,73049,"{30 ,26 ,24}",,
4,17,{},{EB-19-20-21},0.350787,719384,"{3 ,1 ,4 ,11}",,
4,18,{},{EB-19-20-21},0.290333,384,"{56 ,52 ,69}",,
4,22,{EB-19-20-21},{23},5.737035,757605,{},,
4,23,{22},{24},5.83275,1,{87},,
4,24,{23},{},5.840125,1,{},,
4,EB-19-20-21,"{17 ,16 ,18}",{22},1.168951,781408,{},"{19 ,20 ,21}",15340
