Procedure,Statement,producer statement,consumer statement,cost,result size,Fragment,consist,benefit
4,22,{},"{23 ,24}",0.424524,78374144,"{2 ,3 ,4 ,10 ,11 ,12 ,14 ,30 ,107 ,114}",,
4,23,{22},{24},0.07813,0,{},,
4,24,"{22 ,23}",{28},0.450258,46979232,{},,
4,25,{},{EB-26-27},0.240052,1682352,"{1 ,3 ,4 ,24 ,30 ,52 ,57 ,64 ,74 ,87 ,91}",,
4,28,"{24 ,EB-26-27}",{},0.300235,195763920,{},,
4,EB-26-27,{25},{28},0.33536999999999995,656,{},"{26 ,27}",0
