Procedure,Statement,producer statement,consumer statement,cost,result size,Fragment,consist,benefit
6,36,{},"{EB-38-40-42 ,EB-39-41}",0.061239,99090,"{88 ,95 ,96 ,97 ,101 ,102 ,103 ,87}",,
6,37,{},"{EB-38-40-42 ,EB-39-41}",0.045698,73049,"{30 ,24}",,
6,43,{EB-38-40-42},{44},1.139846,142888,{},,
6,44,{43},{},1.496792,88,{},,
6,EB-38-40-42,"{37 ,36 ,EB-39-41}",{43},0.49707900000000005,433807,"{18 ,15 ,1 ,4}","{38 ,40 ,42}",3069238
6,EB-39-41,"{37 ,36}",{EB-38-40-42},0.25205,56139,"{211 ,208 ,186 ,190}","{39 ,41}",719384
