Procedure,Statement,producer statement,consumer statement,cost,result size,Fragment,consist,benefit
3,EB-15-16-17-21,{EB-18-19-20},{},0.8965829999999999,50495920,"{24 ,30 ,125 ,128 ,140 ,142 ,143 ,144 ,146 ,161}","{15 ,16 ,17 ,21}",66041216
3,EB-18-19-20,{},{EB-15-16-17-21},0.575422,656,"{1 ,3 ,4 ,24 ,30 ,52 ,57 ,64 ,74 ,87 ,91}","{18 ,19 ,20}",1682352
