Procedure,Statement,producer statement,consumer statement,cost,result size,Fragment,consist,benefit
5,25,{},"{EB-28-30 ,EB-31-32 ,EB-27-29-33}",0.061239,99090,"{88 ,95 ,96 ,97 ,101 ,102 ,103 ,87}",,
5,26,{},"{EB-28-30 ,EB-31-32 ,EB-27-29-33}",0.045698,73049,"{30 ,24}",,
5,34,{EB-27-29-33},{35},1.182939,555294969,{},,
5,35,{34},{},0.407706,1,{},,
5,EB-28-30,"{25 ,26}",{EB-27-29-33},0.23311700000000002,135789,"{150 ,149 ,147 ,148 ,125 ,128}","{28 ,30}",1441548
5,EB-31-32,"{25 ,26}",{EB-27-29-33},0.235688,56139,"{186 ,211 ,210 ,208 ,209 ,190}","{31 ,32}",719384
5,EB-27-29-33,"{EB-28-30 ,EB-31-32 ,26 ,25}",{34},0.47387,569596,"{18 ,17 ,15 ,16 ,1 ,4}","{27 ,29 ,33}",3069238
