Procedure,Statement,producer statement,consumer statement,cost,result size,Fragment
3,7,{},{11},0.328211,73049,"{30,26,24} "
3,8,{},"{10 ,11}",0.31846,2880404,"{189,186,190,204} "
3,9,{},{10},0.290333,384,"{56,52,69} "
3,10,"{8,9}",{12},0.365645,61043,{} 
3,11,"{7,8}",{12},0.402319,2750311,{} 
3,12,"{10,11}",{13},0.428143,11580617,{} 
3,13,{12},{14},4.773748,10230729,{} 
3,14,{13},{15},5.727127,1,{87} 
3,15,{14},{},5.790002,1,{} 
