Procedure,Statement,producer statement,consumer statement,cost,result size,Fragment
9,70,{},{72},0.06373,719384,"{189,207,186}"
9,71,{},{73},0.063103,2880404,"{3,1,14}"
9,72,{70},{74},0.364621,139446,{26}
9,73,{71},{74},0.535579,496932,{26}
9,74,"{72,73}",{75},0.856514,609620,{}
9,75,{74},{76},0.880542,609620,{}
9,76,{75},{},0.880542,100,{}
