Procedure,Statement,producer statement,consumer statement,cost,result size,Fragment
10,77,{},"{81 ,82}",0.061239,99090,"{87,95,96,88}"
10,78,{},{81},0.047481,2880404,"{21,1,4}"
10,79,{},"{83 ,84}",0.045698,73049,"{24,30}"
10,80,{},{82},0.06373,719384,"{215,190,186}"
10,81,"{77,78}",{83},0.116933,2725382,{}
10,82,"{77,80}",{84},0.124784,712794,{}
10,83,"{79,81}",{85},0.568468,75369,{}
10,84,"{79,82}",{85},0.484468,22606,{}
10,85,"{83,84}",{86},0.516122,97975,{}
10,86,{85},{},1.634438,1,{}
