Procedure,Statement,producer statement,consumer statement,cost,result size,Fragment
2,3,{},{6},0.45018,647429,"{189,190,204,205,207,203,186,233,222,30} "
2,4,{},{6},0.527954,1290853,"{140,128,143,144,146,142,125,175,161,30} "
2,5,{},{6},0.474114,2718783,"{3,4,11,12,10,1,114,107,30} "
2,6,"{3,4,5}",{},2.381097,238,{} 
