Procedure,Statement,producer statement,consumer statement,cost,result size,Fragment
4,16,{},{20},0.32846,73049,"{30,26,24} "
4,17,{},"{19 ,20}",0.350787,719384,"{3,1,4,11} "
4,18,{},{19},0.290333,384,"{56,52,69} "
4,19,"{17,18}",{21},0.377882,15340,{} 
4,20,"{16,17}",{21},0.368317,719195,{} 
4,21,"{19,20}",{22},0.422752,781408,{} 
4,22,{21},{23},5.737035,757605,{} 
4,23,{22},{24},5.83275,1,{87} 
4,24,{23},{},5.840125,1,{}
