Procedure,Statement,producer statement,consumer statement,cost,result size,Fragment
6,36,{},"{40 ,41}",0.061239,99090,"{88,95,96,97,101,102,103,87}"
6,37,{},"{40 ,41}",0.045698,73049,"{30,24}"
6,38,{},{40},0.047481,2880404,"{18,15,1,4}"
6,39,{},{41},0.06373,719384,"{211,208,186,190}"
6,40,"{36,37,38}",{42},0.168967,188834,{}
6,41,"{36,37,39}",{42},0.18832,56139,{}
6,42,"{40,41}",{43},0.280631,244973,{}
6,43,{42},{44},1.139846,142888,{}
6,44,{43},{},1.496792,88,{}
