Procedure,Statement,producer statement,consumer statement,cost,result size,Fragment
8,62,{},{65},0.204111,73,"{56,52,30,26,24,1,3}"
8,63,{},{64},0.202674,2660778,"{1,2,3,4,5,6,7,8,9,10,11,12,13,14,15,16,17,18,19,20,21,22,23,87,88,89,90,91,92,93,94,95,96,97,98,99,100,101,102,103,104,24,25,26,27,28,29,30,31,32,33,34,35,36,37,38,39,40,41,42,43,44,45,46,47,48,49,50,51}"
8,64,{63},{66},0.179046,84339,{}
8,65,{62},{68},0.166337,65,{}
8,66,{64},{67},0.178913,1,{}
8,67,{66},{68},0.218297,14,"{11,14,4,87}"
8,68,"{65,67}",{69},1.310686,1,"{30,32,24,96,95,87,143,145,125,140,128,204,206,186,189,190}"
8,69,{68},{},1.068279,1,{}
