Procedure,Statement,producer statement,consumer statement,cost,result size,Fragment,consist,benefit
3,7,{},{EB-10-11-12},0.328211,73049,"{30 ,26 ,24}",,
3,8,{},{EB-10-11-12},0.31846,2880404,"{189 ,186 ,190 ,204}",,
3,9,{},{EB-10-11-12},0.290333,384,"{56 ,52 ,69}",,
3,13,{EB-10-11-12},{14},4.773748,10230729,{},,
3,14,{13},{15},5.727127,1,{87},,
3,15,{14},{},5.790002,1,{},,
3,EB-10-11-12,"{7 ,8 ,9}",{13},1.196107,11580617,{},"{10 ,11 ,12}",2750311
